epoch,train_loss,train_accuracy,val_loss,val_accuracy,epoch_seconds
1,0.2911559185164946,0.9107592592592593,0.11704003302256266,0.9636666666666667,12.451657199999318
2,0.08348450515888356,0.9738703703703704,0.0868045744895935,0.9741666666666666,12.909648300000299
3,0.05720844173155449,0.9819074074074075,0.05998438302675883,0.9833333333333333,15.884586899999704
4,0.045832122720709,0.9855925925925926,0.057200624585151676,0.9823333333333333,30.717854499999703
5,0.03705470815125025,0.9880925925925926,0.04895415755112966,0.9865,35.48004370000035
6,0.030608247220102285,0.9899444444444444,0.05336709584792455,0.9858333333333333,13.503644999999779
7,0.02510446241925712,0.9916666666666667,0.05228849935531616,0.9851666666666666,12.98970079999981
8,0.02239770135036842,0.9929074074074075,0.042406681954860685,0.9861666666666666,13.418622800000776
9,0.019117088644153058,0.9937962962962963,0.04627232982714971,0.9866666666666667,11.81535410000015
10,0.016298132797211616,0.9945185185185185,0.04539895963668823,0.9871666666666666,12.126777800000127
11,0.014284596774873703,0.9951851851851852,0.04490934713681539,0.9885,11.953379600000517
12,0.01234842822553064,0.996,0.06354051407178243,0.9843333333333333,11.661265699999603
13,0.011894955206128308,0.9958888888888889,0.06101912212371826,0.986,12.589572099999714
14,0.01078120138726997,0.9965,0.04406578693787257,0.9878333333333333,12.048969899999975
15,0.00862569092665621,0.9970925925925926,0.05062024893363317,0.9885,12.03567000000021
16,0.008366587668882588,0.9971111111111111,0.04971338378389677,0.989,12.174703800000316
17,0.009249120251982176,0.9967592592592592,0.055525147010882694,0.9885,11.954637900000307
18,0.008754102757652246,0.9970185185185185,0.0551392530053854,0.989,12.182886900000085
19,0.005044166666903173,0.9986296296296296,0.05702067478994528,0.9888333333333333,12.101318700000775
20,0.007797641185872365,0.9975740740740741,0.06034376123547554,0.9885,11.93285349999951
